product_id,product_name_cn,product_name_en,category,sub_category,material,handle_material,length_cm,weight_kg,head_width_cm,tine_count,hardness,surface_treatment,moq,packaging_type,qty_per_carton,carton_size_cm,gw_per_carton_kg,lead_time_days,certification,target_keywords,use_scenario,target_markets,selling_angle,competitor_ref,seo_title_1,seo_title_2,seo_title_3,selling_points,whatsapp_script,alibaba_detail_status
GR-001,蹈주겊,Garden Rake,Digging Tools,Rakes,Carbon Steel + Wooden Handle,Wooden Handle,35,0.52,,14,HRC 40-45,Polished,1200,Blister Card,50,43x43x18,26,60,CE,"garden rake, leaf rake, steel rake, lawn rake","Leaf gathering, soil leveling, debris clearing","Europe, North America, Japan","14-tine design for efficient gathering, lightweight","Ames, Corona",pending,pending,pending,pending,pending,pending
HT-001,蹈論뇌,Garden Hoe,Weeding Tools,Hoes,Carbon Steel + Wooden Handle,Hardwood,35,0.7,,,HRC 45-50,Polished + Anti-rust coating,1200,Hang Card,20,72x38x10,15,60,CE,"garden hoe, weeding hoe, steel hoe","Weeding, soil breaking, row making","Africa, South America, Southeast Asia","Sharp blade for easy weeding, durable coating","True Temper, Rogue",pending,pending,pending,pending,pending,pending
GF-001,蹈주꿩,Garden Fork,Digging Tools,Forks,Carbon Steel + Ash Wood,Ash Wood,30,0.8,,4,HRC 45-50,Polished + Lacquered,1200,Color Box,20,62x32x35,17.5,60,"CE, GS","garden fork, digging fork, steel fork","Garden soil turning, compost mixing, lawn aeration","Europe, Africa, South America","Extra-strong tines, ergonomic ash wood handle","Fiskars X3, Spear & Jackson",pending,pending,pending,pending,pending,pending
GS-001,蹈주끎,Garden Spade,Digging Tools,Spades,Carbon Steel + Hardwood,Hardwood (FSC Certified),28,0.6,,,HRC 42-48,Painted + Epoxy Coated,1200,Color Box,25,72x28x20,16,60,"CE, GS, FSC","garden spade, digging spade, transplanting shovel","Transplanting, edging, trenching, soil digging","Europe, North America, Australia","FSC certified wood handle, lightweight yet strong","Burgon & Ball, Bulldog",pending,pending,pending,pending,pending,pending
GF-002,2넷똴芚꿩庫,Garden Fork Head,Digging Tools,Forks,Carbon Steel,,28,0.4,14,2,HRC 40-50,Polished,1200,Poly Bag,24,1330,9.8,25,CE,"garden fork, digging fork, steel fork, forged fork","Garden soil turning, compost mixing, lawn aeration","Europe, Africa, South America","2-tine forged steel head, ergonomic design",,pending,pending,pending,pending,pending,pending
GF-003,3넷똴芚꿩庫,Garden Fork Head,Digging Tools,Forks,Carbon Steel,,32.5,0.65,21,3,HRC 40-50,Polished,1200,Poly Bag,24,1200,15.8,25,CE,"garden fork, digging fork, steel fork, forged fork","Garden soil turning, compost mixing, lawn aeration","Europe, Africa, South America","3-tine forged steel head, ergonomic design",,pending,pending,pending,pending,pending,pending
GF-004,4넷똴芚꿩庫,Garden Fork Head,Digging Tools,Forks,Carbon Steel,,32,0.73,22,4,HRC 40-50,Polished,1200,Poly Bag,24,1100,17.6,25,CE,"garden fork, digging fork, steel fork, forged fork","Garden soil turning, compost mixing, lawn aeration","Europe, Africa, South America","4-tine forged steel head, ergonomic design",,pending,pending,pending,pending,pending,pending
GF-005,5넷똴芚꿩庫,Garden Fork Head,Digging Tools,Forks,Carbon Steel,,32.5,0.9,23,5,HRC 40-50,Polished,1200,Poly Bag,24,1000,21.8,25,CE,"garden fork, digging fork, steel fork, forged fork","Garden soil turning, compost mixing, lawn aeration","Europe, Africa, South America","5-tine forged steel head, ergonomic design",,pending,pending,pending,pending,pending,pending
GF-006,6넷똴芚꿩庫,Garden Fork Head,Digging Tools,Forks,Carbon Steel,,34.5,1.15,25,6,HRC 40-50,Polished,1200,Poly Bag,24,950,27.5,25,CE,"garden fork, digging fork, steel fork, forged fork","Garden soil turning, compost mixing, lawn aeration","Europe, Africa, South America","6-tine forged steel head, ergonomic design",,pending,pending,pending,pending,pending,pending
GF-007,6넷똴芚쯩쥔堪꿩庫,Potato Fork Head,Digging Tools,Forks,Carbon Steel,,39.5,1.8,32.5,6,HRC 40-50,Polished,1200,Poly Bag,12,1580,21.8,25,CE,"garden fork, digging fork, steel fork, forged fork","Garden soil turning, compost mixing, lawn aeration","Europe, Africa, South America","6-tine forged steel head, ergonomic design",,pending,pending,pending,pending,pending,pending
GF-008,9넷보쌈꿩庫,Garden Fork Head Welded,Digging Tools,Forks,Carbon Steel,,35,1.75,25,9,HRC 40-50,Polished,1200,Poly Bag,12,1250,23,25,CE,"garden fork, digging fork, steel fork, forged fork","Garden soil turning, compost mixing, lawn aeration","Europe, Africa, South America","9-tine forged steel head, ergonomic design",,pending,pending,pending,pending,pending,pending
GF-009,9넷똴芚쯩쥔堪꿩庫,Potato Fork Head Forged,Digging Tools,Forks,Carbon Steel,,35.5,1.9,26,9,HRC 40-50,Polished,1200,Poly Bag,12,1250,23,25,CE,"garden fork, digging fork, steel fork, forged fork","Garden soil turning, compost mixing, lawn aeration","Europe, Africa, South America","9-tine forged steel head, ergonomic design",,pending,pending,pending,pending,pending,pending
GF-010,9넷똴芚柯욥꿩庫,Stone Fork Head,Digging Tools,Forks,Carbon Steel,,33.5,1.75,25.5,9,HRC 40-50,Polished,1200,Poly Bag,12,1250,21.2,25,CE,"garden fork, digging fork, steel fork, forged fork","Garden soil turning, compost mixing, lawn aeration","Europe, Africa, South America","9-tine forged steel head, ergonomic design",,pending,pending,pending,pending,pending,pending
GF-011,2넷꿩庫,Garden Fork Head F102,Digging Tools,Forks,Carbon Steel,,28,0.4,14,2,HRC 40-50,Polished,1200,Poly Bag,24,1330,9.8,25,CE,"garden fork, digging fork, steel fork, forged fork","Garden soil turning, compost mixing, lawn aeration","Europe, Africa, South America","2-tine forged steel head, ergonomic design",,pending,pending,pending,pending,pending,pending
GF-012,3넷꿩庫,Garden Fork Head F102,Digging Tools,Forks,Carbon Steel,,32.5,0.65,21,3,HRC 40-50,Polished,1200,Poly Bag,24,1200,15.8,25,CE,"garden fork, digging fork, steel fork, forged fork","Garden soil turning, compost mixing, lawn aeration","Europe, Africa, South America","3-tine forged steel head, ergonomic design",,pending,pending,pending,pending,pending,pending
GF-013,4넷꿩庫,Garden Fork Head F102,Digging Tools,Forks,Carbon Steel,,32.5,0.73,22.5,4,HRC 40-50,Polished,1200,Poly Bag,24,1125,17.6,25,CE,"garden fork, digging fork, steel fork, forged fork","Garden soil turning, compost mixing, lawn aeration","Europe, Africa, South America","4-tine forged steel head, ergonomic design",,pending,pending,pending,pending,pending,pending
GF-014,5넷꿩庫,Garden Fork Head F102,Digging Tools,Forks,Carbon Steel,,33,0.9,25,5,HRC 40-50,Polished,1200,Poly Bag,12,1000,21.8,25,CE,"garden fork, digging fork, steel fork, forged fork","Garden soil turning, compost mixing, lawn aeration","Europe, Africa, South America","5-tine forged steel head, ergonomic design",,pending,pending,pending,pending,pending,pending
GF-015,6넷꿩庫,Garden Fork Head F102,Digging Tools,Forks,Carbon Steel,,34.5,1.15,25,6,HRC 40-50,Polished,1200,Poly Bag,12,950,27.5,25,CE,"garden fork, digging fork, steel fork, forged fork","Garden soil turning, compost mixing, lawn aeration","Europe, Africa, South America","6-tine forged steel head, ergonomic design",,pending,pending,pending,pending,pending,pending
GF-016,9넷꿩庫,Garden Fork Head F102,Digging Tools,Forks,Carbon Steel,,38,1.09,32,9,HRC 40-50,Polished,1200,Poly Bag,6,2500,11.3,25,CE,"garden fork, digging fork, steel fork, forged fork","Garden soil turning, compost mixing, lawn aeration","Europe, Africa, South America","9-tine forged steel head, ergonomic design",,pending,pending,pending,pending,pending,pending
GF-017,12넷꿩庫,Garden Fork Head F102,Digging Tools,Forks,Carbon Steel,,39,2.55,40,12,HRC 40-50,Polished,1200,Poly Bag,6,1650,15.5,25,CE,"garden fork, digging fork, steel fork, forged fork","Garden soil turning, compost mixing, lawn aeration","Europe, Africa, South America","12-tine forged steel head, ergonomic design",,pending,pending,pending,pending,pending,pending
GF-018,14넷꿩庫,Garden Fork Head F102,Digging Tools,Forks,Carbon Steel,,42,3,48,14,HRC 40-50,Polished,1200,Poly Bag,6,1650,18.2,25,CE,"garden fork, digging fork, steel fork, forged fork","Garden soil turning, compost mixing, lawn aeration","Europe, Africa, South America","14-tine forged steel head, ergonomic design",,pending,pending,pending,pending,pending,pending
RK-001,15넷꿩庫,Garden Fork Head F105,Digging Tools,Rakes,Carbon Steel,,42,1.4,33,15,HRC 40-50,Polished,1200,Poly Bag,12,830,16.9,25,CE,"garden rake, leaf rake, steel rake, round rake","Garden soil turning, compost mixing, lawn aeration","Europe, Africa, South America","15-tine forged steel head, ergonomic design",,pending,pending,pending,pending,pending,pending
HR-001,4넷癎겊,Hand Rake 4-tine,Digging Tools,Hand Rakes,Carbon Steel,Plastic/Wooden,19,0.53,19,4,HRC 40-50,Polished,1200,Poly Bag,24,920,13,25,CE,"hand rake, hand cultivator, garden cultivator, 3-tine rake","Garden soil turning, compost mixing, lawn aeration","Europe, Africa, South America","4-tine forged steel head, ergonomic design",,pending,pending,pending,pending,pending,pending
HR-002,4넷癎겊,Hand Cultivator 4-tine,Digging Tools,Hand Rakes,Carbon Steel,Plastic/Wooden,15,0.38,13.5,4,HRC 40-50,Polished,1200,Poly Bag,24,1050,9.3,25,CE,"hand rake, hand cultivator, garden cultivator, 3-tine rake","Garden soil turning, compost mixing, lawn aeration","Europe, Africa, South America","4-tine forged steel head, ergonomic design",,pending,pending,pending,pending,pending,pending
HR-003,3넷癎겊,Hand Cultivator 3-tine,Digging Tools,Hand Rakes,Carbon Steel,Plastic/Wooden,15,0.34,12,3,HRC 40-50,Polished,1200,Poly Bag,24,1050,8.3,25,CE,"hand rake, hand cultivator, garden cultivator, 3-tine rake","Garden soil turning, compost mixing, lawn aeration","Europe, Africa, South America","3-tine forged steel head, ergonomic design",,pending,pending,pending,pending,pending,pending
HR-004,3넷癎겊B謹,Hand Cultivator 3-tine Type B,Digging Tools,Hand Rakes,Carbon Steel,Plastic/Wooden,15,0.18,12,3,HRC 40-50,Polished,1200,Poly Bag,24,1050,4.5,25,CE,"hand rake, hand cultivator, garden cultivator, 3-tine rake","Garden soil turning, compost mixing, lawn aeration","Europe, Africa, South America","3-tine forged steel head, ergonomic design",,pending,pending,pending,pending,pending,pending
HR-005,4넷癎겊,Hand Cultivator 4-tine,Digging Tools,Hand Rakes,Carbon Steel,Plastic/Wooden,12,0.18,12,4,HRC 40-50,Polished,1200,Poly Bag,24,920,4.5,25,CE,"hand rake, hand cultivator, garden cultivator, 3-tine rake","Garden soil turning, compost mixing, lawn aeration","Europe, Africa, South America","4-tine forged steel head, ergonomic design",,pending,pending,pending,pending,pending,pending
HR-006,5넷癎겊,Hand Cultivator 5-tine,Digging Tools,Hand Rakes,Carbon Steel,Plastic/Wooden,19,0.7,20,5,HRC 40-50,Polished,1200,Poly Bag,12,830,17,25,CE,"hand rake, hand cultivator, garden cultivator, 3-tine rake","Garden soil turning, compost mixing, lawn aeration","Europe, Africa, South America","5-tine forged steel head, ergonomic design",,pending,pending,pending,pending,pending,pending
HR-007,6넷癎겊,Hand Cultivator 6-tine,Digging Tools,Hand Rakes,Carbon Steel,Plastic/Wooden,17,0.85,18.5,6,HRC 40-50,Polished,1200,Poly Bag,12,875,20.6,25,CE,"hand rake, hand cultivator, garden cultivator, 3-tine rake","Garden soil turning, compost mixing, lawn aeration","Europe, Africa, South America","6-tine forged steel head, ergonomic design",,pending,pending,pending,pending,pending,pending
HR-008,3넷癎겊,Hand Rake HK005 3-tine,Digging Tools,Hand Rakes,Carbon Steel,Plastic/Wooden,22,0.6,19,3,HRC 40-50,Polished,1200,Poly Bag,24,1000,14.6,25,CE,"hand rake, hand cultivator, garden cultivator, 3-tine rake","Garden soil turning, compost mixing, lawn aeration","Europe, Africa, South America","3-tine forged steel head, ergonomic design",,pending,pending,pending,pending,pending,pending
HR-009,4넷癎겊,Hand Rake HK005 4-tine,Digging Tools,Hand Rakes,Carbon Steel,Plastic/Wooden,22,0.7,20,4,HRC 40-50,Polished,1200,Poly Bag,12,830,17,25,CE,"hand rake, hand cultivator, garden cultivator, 3-tine rake","Garden soil turning, compost mixing, lawn aeration","Europe, Africa, South America","4-tine forged steel head, ergonomic design",,pending,pending,pending,pending,pending,pending
HR-010,4넷癎겊,Hand Rake HK005 4-tine,Digging Tools,Hand Rakes,Carbon Steel,Plastic/Wooden,22,0.7,20,4,HRC 40-50,Polished,1200,Poly Bag,12,830,17,25,CE,"hand rake, hand cultivator, garden cultivator, 3-tine rake","Garden soil turning, compost mixing, lawn aeration","Europe, Africa, South America","4-tine forged steel head, ergonomic design",,pending,pending,pending,pending,pending,pending
HR-011,6넷癎겊,Hand Rake HK005 6-tine,Digging Tools,Hand Rakes,Carbon Steel,Plastic/Wooden,25,1.1,25,6,HRC 40-50,Polished,1200,Poly Bag,12,1500,13.6,25,CE,"hand rake, hand cultivator, garden cultivator, 3-tine rake","Garden soil turning, compost mixing, lawn aeration","Europe, Africa, South America","6-tine forged steel head, ergonomic design",,pending,pending,pending,pending,pending,pending
RK-002,4넷겊庫,Rake Head F106 4-tine,Digging Tools,Forks,Carbon Steel,,31,0.62,21,4,HRC 40-50,Polished,1200,Poly Bag,24,1330,15.3,25,CE,"garden fork, digging fork, steel fork, forged fork","Garden soil turning, compost mixing, lawn aeration","Europe, Africa, South America","4-tine forged steel head, ergonomic design",,pending,pending,pending,pending,pending,pending
RK-003,4넷겊庫,Rake Head F106 4-tine,Digging Tools,Forks,Carbon Steel,,23,1.2,14,4,HRC 40-50,Polished,1200,Poly Bag,24,1250,16.4,25,CE,"garden fork, digging fork, steel fork, forged fork","Garden soil turning, compost mixing, lawn aeration","Europe, Africa, South America","4-tine forged steel head, ergonomic design",,pending,pending,pending,pending,pending,pending
RK-004,4넷렘庫겊庫,Square Rake Head 4-tine,Digging Tools,Rakes,Carbon Steel,,29.5,0.73,19,4,HRC 40-50,Polished,1200,Poly Bag,12,1250,9.1,25,CE,"garden rake, leaf rake, steel rake, round rake","Garden soil turning, compost mixing, lawn aeration","Europe, Africa, South America","4-tine forged steel head, ergonomic design",,pending,pending,pending,pending,pending,pending
RK-005,3넷途庫겊庫,Round Rake Head 3-tine,Digging Tools,Rakes,Carbon Steel,,31,0.88,20,3,HRC 40-50,Polished,1200,Poly Bag,12,1250,10.8,25,CE,"garden rake, leaf rake, steel rake, round rake","Garden soil turning, compost mixing, lawn aeration","Europe, Africa, South America","3-tine forged steel head, ergonomic design",,pending,pending,pending,pending,pending,pending
RK-006,4넷途庫겊庫,Round Rake Head 4-tine,Digging Tools,Rakes,Carbon Steel,,32,1.05,22,4,HRC 40-50,Polished,1200,Poly Bag,12,1250,12.8,25,CE,"garden rake, leaf rake, steel rake, round rake","Garden soil turning, compost mixing, lawn aeration","Europe, Africa, South America","4-tine forged steel head, ergonomic design",,pending,pending,pending,pending,pending,pending
RK-007,5넷途庫겊庫,Round Rake Head 5-tine,Digging Tools,Rakes,Carbon Steel,,28,1.1,18,5,HRC 40-50,Polished,1200,Poly Bag,12,1150,13.4,25,CE,"garden rake, leaf rake, steel rake, round rake","Garden soil turning, compost mixing, lawn aeration","Europe, Africa, South America","5-tine forged steel head, ergonomic design",,pending,pending,pending,pending,pending,pending
RK-008,6넷途庫겊庫,Round Rake Head 6-tine,Digging Tools,Rakes,Carbon Steel,,30,2.2,22.5,6,HRC 40-50,Polished,1200,Poly Bag,6,1080,26.3,25,CE,"garden rake, leaf rake, steel rake, round rake","Garden soil turning, compost mixing, lawn aeration","Europe, Africa, South America","6-tine forged steel head, ergonomic design",,pending,pending,pending,pending,pending,pending
RK-009,8넷途庫겊庫,Round Rake Head 8-tine,Digging Tools,Rakes,Carbon Steel,,43,2,41,8,HRC 40-50,Polished,1200,Poly Bag,6,1080,24.2,25,CE,"garden rake, leaf rake, steel rake, round rake","Garden soil turning, compost mixing, lawn aeration","Europe, Africa, South America","8-tine forged steel head, ergonomic design",,pending,pending,pending,pending,pending,pending
RK-010,10넷途庫겊庫,Round Rake Head 10-tine,Digging Tools,Rakes,Carbon Steel,,42,2,33,10,HRC 40-50,Polished,1200,Poly Bag,6,1080,24.2,25,CE,"garden rake, leaf rake, steel rake, round rake","Garden soil turning, compost mixing, lawn aeration","Europe, Africa, South America","10-tine forged steel head, ergonomic design",,pending,pending,pending,pending,pending,pending
RK-011,4넷겊庫,Rake Head F108 4-tine,Digging Tools,Rakes,Carbon Steel,,29,1.5,19,4,HRC 40-50,Polished,1200,Poly Bag,12,1080,18.2,25,CE,"garden rake, leaf rake, steel rake, round rake","Garden soil turning, compost mixing, lawn aeration","Europe, Africa, South America","4-tine forged steel head, ergonomic design",,pending,pending,pending,pending,pending,pending
RK-012,4넷겊庫,Rake Head F108 4-tine,Digging Tools,Rakes,Carbon Steel,,28.5,1.2,17.5,4,HRC 40-50,Polished,1200,Poly Bag,12,1080,14.6,25,CE,"garden rake, leaf rake, steel rake, round rake","Garden soil turning, compost mixing, lawn aeration","Europe, Africa, South America","4-tine forged steel head, ergonomic design",,pending,pending,pending,pending,pending,pending
RK-013,4넷겊庫,Rake Head F108 4-tine,Digging Tools,Rakes,Carbon Steel,,27,1,17,4,HRC 40-50,Polished,1200,Poly Bag,12,1080,12.2,25,CE,"garden rake, leaf rake, steel rake, round rake","Garden soil turning, compost mixing, lawn aeration","Europe, Africa, South America","4-tine forged steel head, ergonomic design",,pending,pending,pending,pending,pending,pending
RK-014,4넷보쌈겊庫,Rake Head F108 4-tine Welded,Digging Tools,Rakes,Carbon Steel,,26,0.8,18,4,HRC 40-50,Polished,1200,Poly Bag,24,1080,19.4,25,CE,"garden rake, leaf rake, steel rake, round rake","Garden soil turning, compost mixing, lawn aeration","Europe, Africa, South America","4-tine forged steel head, ergonomic design",,pending,pending,pending,pending,pending,pending
LR-001,2넷꿇틤겊庫,Lawn Rake Head 2-tine,Digging Tools,Rakes,Carbon Steel,,28,0.3,14,2,HRC 40-50,Polished,1200,Poly Bag,24,1450,7.5,25,CE,"lawn rake, steel rake, leaf rake, garden rake","Garden soil turning, compost mixing, lawn aeration","Europe, Africa, South America","2-tine forged steel head, ergonomic design",,pending,pending,pending,pending,pending,pending
LR-002,3넷꿇틤겊庫,Lawn Rake Head 3-tine,Digging Tools,Rakes,Carbon Steel,,32,0.5,21,3,HRC 40-50,Polished,1200,Poly Bag,24,1330,12.2,25,CE,"lawn rake, steel rake, leaf rake, garden rake","Garden soil turning, compost mixing, lawn aeration","Europe, Africa, South America","3-tine forged steel head, ergonomic design",,pending,pending,pending,pending,pending,pending
LR-003,4넷꿇틤겊庫,Lawn Rake Head 4-tine,Digging Tools,Rakes,Carbon Steel,,32.5,0.68,22.5,4,HRC 40-50,Polished,1200,Poly Bag,24,1250,16.6,25,CE,"lawn rake, steel rake, leaf rake, garden rake","Garden soil turning, compost mixing, lawn aeration","Europe, Africa, South America","4-tine forged steel head, ergonomic design",,pending,pending,pending,pending,pending,pending
LR-004,5넷꿇틤겊庫,Lawn Rake Head 5-tine,Digging Tools,Rakes,Carbon Steel,,33,0.75,22.5,5,HRC 40-50,Polished,1200,Poly Bag,24,1200,18.2,25,CE,"lawn rake, steel rake, leaf rake, garden rake","Garden soil turning, compost mixing, lawn aeration","Europe, Africa, South America","5-tine forged steel head, ergonomic design",,pending,pending,pending,pending,pending,pending
LR-005,6넷꿇틤겊庫,Lawn Rake Head 6-tine,Digging Tools,Rakes,Carbon Steel,,30,1.1,25,6,HRC 40-50,Polished,1200,Poly Bag,12,1137,26.6,25,CE,"lawn rake, steel rake, leaf rake, garden rake","Garden soil turning, compost mixing, lawn aeration","Europe, Africa, South America","6-tine forged steel head, ergonomic design",,pending,pending,pending,pending,pending,pending
LR-006,10넷꿇틤겊庫,Lawn Rake Head 10-tine,Digging Tools,Rakes,Carbon Steel,,38,1.85,35,10,HRC 40-50,Polished,1200,Poly Bag,6,2500,11.3,25,CE,"lawn rake, steel rake, leaf rake, garden rake","Garden soil turning, compost mixing, lawn aeration","Europe, Africa, South America","10-tine forged steel head, ergonomic design",,pending,pending,pending,pending,pending,pending
LR-007,12넷꿇틤겊庫,Lawn Rake Head 12-tine,Digging Tools,Rakes,Carbon Steel,,39,2.25,40,12,HRC 40-50,Polished,1200,Poly Bag,6,2300,13.7,25,CE,"lawn rake, steel rake, leaf rake, garden rake","Garden soil turning, compost mixing, lawn aeration","Europe, Africa, South America","12-tine forged steel head, ergonomic design",,pending,pending,pending,pending,pending,pending
LR-008,10넷보쌈꿇틤겊庫,Lawn Rake Head 10-tine Welded,Digging Tools,Rakes,Carbon Steel,,35,0.9,29,10,HRC 40-50,Polished,1200,Poly Bag,12,1250,21.8,25,CE,"lawn rake, steel rake, leaf rake, garden rake","Garden soil turning, compost mixing, lawn aeration","Europe, Africa, South America","10-tine forged steel head, ergonomic design",,pending,pending,pending,pending,pending,pending
LR-009,4넷겊庫,Rake Head F115 4-tine,Digging Tools,Rakes,Carbon Steel,,27.5,1,17.5,4,HRC 40-50,Polished,1200,Poly Bag,12,2500,12.2,25,CE,"lawn rake, steel rake, leaf rake, garden rake","Garden soil turning, compost mixing, lawn aeration","Europe, Africa, South America","4-tine forged steel head, ergonomic design",,pending,pending,pending,pending,pending,pending
LR-010,4넷겊庫,Rake Head F115 4-tine,Digging Tools,Rakes,Carbon Steel,,29,1,19,4,HRC 40-50,Polished,1200,Poly Bag,12,2500,12.2,25,CE,"lawn rake, steel rake, leaf rake, garden rake","Garden soil turning, compost mixing, lawn aeration","Europe, Africa, South America","4-tine forged steel head, ergonomic design",,pending,pending,pending,pending,pending,pending
LR-011,4넷겊庫,Rake Head F115 4-tine,Digging Tools,Rakes,Carbon Steel,,29,1.7,18,4,HRC 40-50,Polished,1200,Poly Bag,12,2300,20.8,25,CE,"lawn rake, steel rake, leaf rake, garden rake","Garden soil turning, compost mixing, lawn aeration","Europe, Africa, South America","4-tine forged steel head, ergonomic design",,pending,pending,pending,pending,pending,pending
MC-001,12당엿독,Machete 12 inch,Cutting Tools,Machetes,50Mn/65Mn Steel,Hardwood/Plastic,30.5,,,,HRC 46-54,Polished + Varnished,600,Bulk Pack,48,48x23x17,,25,CE,"machete, bush machete, steel machete, agriculture machete","Brush clearing, grass cutting, crop harvesting","Europe, Africa, South America","Professional grade 12 inch (30cm) blade, hardened steel",,pending,pending,pending,pending,pending,pending
MC-002,14당엿독,Machete 14 inch,Cutting Tools,Machetes,50Mn/65Mn Steel,Hardwood/Plastic,35.6,,,,HRC 46-54,Polished + Varnished,600,Bulk Pack,48,52x23x17,,25,CE,"machete, bush machete, steel machete, agriculture machete","Brush clearing, grass cutting, crop harvesting","Europe, Africa, South America","Professional grade 14 inch (35cm) blade, hardened steel",,pending,pending,pending,pending,pending,pending
MC-003,16당엿독,Machete 16 inch,Cutting Tools,Machetes,50Mn/65Mn Steel,Hardwood/Plastic,40.6,,,,HRC 46-54,Polished + Varnished,600,Bulk Pack,48,58x23x17,,25,CE,"machete, bush machete, steel machete, agriculture machete","Brush clearing, grass cutting, crop harvesting","Europe, Africa, South America","Professional grade 16 inch (40cm) blade, hardened steel",,pending,pending,pending,pending,pending,pending
MC-004,18당엿독,Machete 18 inch,Cutting Tools,Machetes,50Mn/65Mn Steel,Hardwood/Plastic,45.7,,,,HRC 46-54,Polished + Varnished,600,Bulk Pack,48,63x23x17,,25,CE,"machete, bush machete, steel machete, agriculture machete","Brush clearing, grass cutting, crop harvesting","Europe, Africa, South America","Professional grade 18 inch (45cm) blade, hardened steel",,pending,pending,pending,pending,pending,pending
MC-005,20당엿독,Machete 20 inch,Cutting Tools,Machetes,50Mn/65Mn Steel,Hardwood/Plastic,50.8,,,,HRC 46-54,Polished + Varnished,600,Bulk Pack,48,68x23x17,,25,CE,"machete, bush machete, steel machete, agriculture machete","Brush clearing, grass cutting, crop harvesting","Europe, Africa, South America","Professional grade 20 inch (50cm) blade, hardened steel",,pending,pending,pending,pending,pending,pending
MC-006,26당엿독,Machete 26 inch,Cutting Tools,Machetes,50Mn/65Mn Steel,Hardwood/Plastic,66,,,,HRC 46-54,Polished + Varnished,600,Bulk Pack,48,63x23x17,,25,CE,"machete, bush machete, steel machete, agriculture machete","Brush clearing, grass cutting, crop harvesting","Europe, Africa, South America","Professional grade 26 inch (65cm) blade, hardened steel",,pending,pending,pending,pending,pending,pending
MC-007,28당엿독,Machete 28 inch,Cutting Tools,Machetes,50Mn/65Mn Steel,Hardwood/Plastic,71.1,,,,HRC 46-54,Polished + Varnished,600,Bulk Pack,48,68x23x17,,25,CE,"machete, bush machete, steel machete, agriculture machete","Brush clearing, grass cutting, crop harvesting","Europe, Africa, South America","Professional grade 28 inch (70cm) blade, hardened steel",,pending,pending,pending,pending,pending,pending
MC-008,12당엿독,Machete M212 12 inch,Cutting Tools,Machetes,50Mn/65Mn Steel,Hardwood/Plastic,30.5,,,,HRC 46-54,Polished + Varnished,600,Bulk Pack,48,48x23x17,,25,CE,"machete, bush machete, steel machete, agriculture machete","Brush clearing, grass cutting, crop harvesting","Europe, Africa, South America","Professional grade 12 inch blade, hardened steel",,pending,pending,pending,pending,pending,pending
MC-009,14당엿독,Machete M212 14 inch,Cutting Tools,Machetes,50Mn/65Mn Steel,Hardwood/Plastic,35.6,,,,HRC 46-54,Polished + Varnished,600,Bulk Pack,48,52x23x17,,25,CE,"machete, bush machete, steel machete, agriculture machete","Brush clearing, grass cutting, crop harvesting","Europe, Africa, South America","Professional grade 14 inch blade, hardened steel",,pending,pending,pending,pending,pending,pending
MC-010,16당엿독,Machete M212 16 inch,Cutting Tools,Machetes,50Mn/65Mn Steel,Hardwood/Plastic,40.6,,,,HRC 46-54,Polished + Varnished,600,Bulk Pack,48,58x23x17,,25,CE,"machete, bush machete, steel machete, agriculture machete","Brush clearing, grass cutting, crop harvesting","Europe, Africa, South America","Professional grade 16 inch blade, hardened steel",,pending,pending,pending,pending,pending,pending
MC-011,14당엿독,Machete M214 14 inch,Cutting Tools,Machetes,50Mn/65Mn Steel,Hardwood/Plastic,35.6,,,,HRC 46-54,Polished + Varnished,600,Bulk Pack,48,52x21x17,,25,CE,"machete, bush machete, steel machete, agriculture machete","Brush clearing, grass cutting, crop harvesting","Europe, Africa, South America","Professional grade 14 inch blade, hardened steel",,pending,pending,pending,pending,pending,pending
MC-012,16당엿독,Machete M214 16 inch,Cutting Tools,Machetes,50Mn/65Mn Steel,Hardwood/Plastic,40.6,,,,HRC 46-54,Polished + Varnished,600,Bulk Pack,48,58x21x17,,25,CE,"machete, bush machete, steel machete, agriculture machete","Brush clearing, grass cutting, crop harvesting","Europe, Africa, South America","Professional grade 16 inch blade, hardened steel",,pending,pending,pending,pending,pending,pending
MC-013,18당엿독,Machete M214 18 inch,Cutting Tools,Machetes,50Mn/65Mn Steel,Hardwood/Plastic,45.7,,,,HRC 46-54,Polished + Varnished,600,Bulk Pack,48,63x21x17,,25,CE,"machete, bush machete, steel machete, agriculture machete","Brush clearing, grass cutting, crop harvesting","Europe, Africa, South America","Professional grade 18 inch blade, hardened steel",,pending,pending,pending,pending,pending,pending
MC-014,20당엿독,Machete M214 20 inch,Cutting Tools,Machetes,50Mn/65Mn Steel,Hardwood/Plastic,50.8,,,,HRC 46-54,Polished + Varnished,600,Bulk Pack,48,68x21x17,,25,CE,"machete, bush machete, steel machete, agriculture machete","Brush clearing, grass cutting, crop harvesting","Europe, Africa, South America","Professional grade 20 inch blade, hardened steel",,pending,pending,pending,pending,pending,pending
MC-015,22당엿독,Machete M214 22 inch,Cutting Tools,Machetes,50Mn/65Mn Steel,Hardwood/Plastic,55.9,,,,HRC 46-54,Polished + Varnished,600,Bulk Pack,48,73x21x17,,25,CE,"machete, bush machete, steel machete, agriculture machete","Brush clearing, grass cutting, crop harvesting","Europe, Africa, South America","Professional grade 22 inch blade, hardened steel",,pending,pending,pending,pending,pending,pending
MC-016,24당엿독,Machete M214 24 inch,Cutting Tools,Machetes,50Mn/65Mn Steel,Hardwood/Plastic,61,,,,HRC 46-54,Polished + Varnished,600,Bulk Pack,48,78x21x17,,25,CE,"machete, bush machete, steel machete, agriculture machete","Brush clearing, grass cutting, crop harvesting","Europe, Africa, South America","Professional grade 24 inch blade, hardened steel",,pending,pending,pending,pending,pending,pending
MC-017,26당엿독,Machete M214 26 inch,Cutting Tools,Machetes,50Mn/65Mn Steel,Hardwood/Plastic,66,,,,HRC 46-54,Polished + Varnished,600,Bulk Pack,48,83x21x17,,25,CE,"machete, bush machete, steel machete, agriculture machete","Brush clearing, grass cutting, crop harvesting","Europe, Africa, South America","Professional grade 26 inch blade, hardened steel",,pending,pending,pending,pending,pending,pending
MC-018,27당엿독,Machete M214 27 inch,Cutting Tools,Machetes,50Mn/65Mn Steel,Hardwood/Plastic,68.6,,,,HRC 46-54,Polished + Varnished,600,Bulk Pack,48,93x22x16,,25,CE,"machete, bush machete, steel machete, agriculture machete","Brush clearing, grass cutting, crop harvesting","Europe, Africa, South America","Professional grade 27 inch blade, hardened steel",,pending,pending,pending,pending,pending,pending
MC-019,12당엿독,Machete M205 12 inch,Cutting Tools,Machetes,50Mn/65Mn Steel,Hardwood/Plastic,30.5,,,,HRC 46-54,Polished + Varnished,600,Bulk Pack,48,42x21x17,,25,CE,"machete, bush machete, steel machete, agriculture machete","Brush clearing, grass cutting, crop harvesting","Europe, Africa, South America","Professional grade 12 inch blade, hardened steel",,pending,pending,pending,pending,pending,pending
MC-020,14당엿독,Machete M205 14 inch,Cutting Tools,Machetes,50Mn/65Mn Steel,Hardwood/Plastic,35.6,,,,HRC 46-54,Polished + Varnished,600,Bulk Pack,48,47x21x17,,25,CE,"machete, bush machete, steel machete, agriculture machete","Brush clearing, grass cutting, crop harvesting","Europe, Africa, South America","Professional grade 14 inch blade, hardened steel",,pending,pending,pending,pending,pending,pending
MC-021,16당엿독,Machete M205 16 inch,Cutting Tools,Machetes,50Mn/65Mn Steel,Hardwood/Plastic,40.6,,,,HRC 46-54,Polished + Varnished,600,Bulk Pack,48,52x21x17,,25,CE,"machete, bush machete, steel machete, agriculture machete","Brush clearing, grass cutting, crop harvesting","Europe, Africa, South America","Professional grade 16 inch blade, hardened steel",,pending,pending,pending,pending,pending,pending
MC-022,18당엿독,Machete M205 18 inch,Cutting Tools,Machetes,50Mn/65Mn Steel,Hardwood/Plastic,45.7,,,,HRC 46-54,Polished + Varnished,600,Bulk Pack,48,58x21x17,,25,CE,"machete, bush machete, steel machete, agriculture machete","Brush clearing, grass cutting, crop harvesting","Europe, Africa, South America","Professional grade 18 inch blade, hardened steel",,pending,pending,pending,pending,pending,pending
MC-023,20당엿독,Machete M205 20 inch,Cutting Tools,Machetes,50Mn/65Mn Steel,Hardwood/Plastic,50.8,,,,HRC 46-54,Polished + Varnished,600,Bulk Pack,48,63x21x17,,25,CE,"machete, bush machete, steel machete, agriculture machete","Brush clearing, grass cutting, crop harvesting","Europe, Africa, South America","Professional grade 20 inch blade, hardened steel",,pending,pending,pending,pending,pending,pending
MC-024,22당엿독,Machete M205 22 inch,Cutting Tools,Machetes,50Mn/65Mn Steel,Hardwood/Plastic,55.9,,,,HRC 46-54,Polished + Varnished,600,Bulk Pack,48,68x21x17,,25,CE,"machete, bush machete, steel machete, agriculture machete","Brush clearing, grass cutting, crop harvesting","Europe, Africa, South America","Professional grade 22 inch blade, hardened steel",,pending,pending,pending,pending,pending,pending
MC-025,24당엿독,Machete M205 24 inch,Cutting Tools,Machetes,50Mn/65Mn Steel,Hardwood/Plastic,61,,,,HRC 46-54,Polished + Varnished,600,Bulk Pack,48,73x21x17,,25,CE,"machete, bush machete, steel machete, agriculture machete","Brush clearing, grass cutting, crop harvesting","Europe, Africa, South America","Professional grade 24 inch blade, hardened steel",,pending,pending,pending,pending,pending,pending
MC-026,26당엿독,Machete M205 26 inch,Cutting Tools,Machetes,50Mn/65Mn Steel,Hardwood/Plastic,66,,,,HRC 46-54,Polished + Varnished,600,Bulk Pack,48,78x21x17,,25,CE,"machete, bush machete, steel machete, agriculture machete","Brush clearing, grass cutting, crop harvesting","Europe, Africa, South America","Professional grade 26 inch blade, hardened steel",,pending,pending,pending,pending,pending,pending
MC-027,28당엿독,Machete M205 28 inch,Cutting Tools,Machetes,50Mn/65Mn Steel,Hardwood/Plastic,71.1,,,,HRC 46-54,Polished + Varnished,600,Bulk Pack,48,83x21x17,,25,CE,"machete, bush machete, steel machete, agriculture machete","Brush clearing, grass cutting, crop harvesting","Europe, Africa, South America","Professional grade 28 inch blade, hardened steel",,pending,pending,pending,pending,pending,pending
MC-028,11당엿독,Machete M206 11 inch,Cutting Tools,Machetes,50Mn/65Mn Steel,Hardwood/Plastic,27.9,,,,HRC 46-54,Polished + Varnished,600,Bulk Pack,48,45x23x17,,25,CE,"machete, bush machete, steel machete, agriculture machete","Brush clearing, grass cutting, crop harvesting","Europe, Africa, South America","Professional grade 11 inch blade, hardened steel",,pending,pending,pending,pending,pending,pending
MC-029,14당엿독,Machete M206 14 inch,Cutting Tools,Machetes,50Mn/65Mn Steel,Hardwood/Plastic,35.6,,,,HRC 46-54,Polished + Varnished,600,Bulk Pack,48,52x23x17,,25,CE,"machete, bush machete, steel machete, agriculture machete","Brush clearing, grass cutting, crop harvesting","Europe, Africa, South America","Professional grade 14 inch blade, hardened steel",,pending,pending,pending,pending,pending,pending
MC-030,18당엿독,Machete M206 18 inch,Cutting Tools,Machetes,50Mn/65Mn Steel,Hardwood/Plastic,45.7,,,,HRC 46-54,Polished + Varnished,600,Bulk Pack,48,63x23x17,,25,CE,"machete, bush machete, steel machete, agriculture machete","Brush clearing, grass cutting, crop harvesting","Europe, Africa, South America","Professional grade 18 inch blade, hardened steel",,pending,pending,pending,pending,pending,pending
MC-031,19.5당엿독,Machete M206 19.5 inch,Cutting Tools,Machetes,50Mn/65Mn Steel,Hardwood/Plastic,,,,,HRC 46-54,Polished + Varnished,600,Bulk Pack,48,66x23x17,,25,CE,"machete, bush machete, steel machete, agriculture machete","Brush clearing, grass cutting, crop harvesting","Europe, Africa, South America","Professional grade 19.5 inch blade, hardened steel",,pending,pending,pending,pending,pending,pending
MC-032,19당엿독,Machete M208 19 inch,Cutting Tools,Machetes,50Mn/65Mn Steel,Hardwood/Plastic,48.3,,,,HRC 46-54,Polished + Varnished,600,Bulk Pack,48,65x21x17,,25,CE,"machete, bush machete, steel machete, agriculture machete","Brush clearing, grass cutting, crop harvesting","Europe, Africa, South America","Professional grade 19 inch blade, hardened steel",,pending,pending,pending,pending,pending,pending
MC-033,21당엿독,Machete M208 21 inch,Cutting Tools,Machetes,50Mn/65Mn Steel,Hardwood/Plastic,53.3,,,,HRC 46-54,Polished + Varnished,600,Bulk Pack,48,70x23x17,,25,CE,"machete, bush machete, steel machete, agriculture machete","Brush clearing, grass cutting, crop harvesting","Europe, Africa, South America","Professional grade 21 inch blade, hardened steel",,pending,pending,pending,pending,pending,pending
GK-001,14당솩쌈독,Grafting Knife 14 inch,Cutting Tools,Knives,Carbon Steel,Wooden,35.6,,,,HRC 46-54,Polished,600,Bulk Pack,48,54x22x17,,25,CE,"grafting knife, pruning knife, bud knife","Brush clearing, grass cutting, crop harvesting","Europe, Africa, South America","Professional grade 14 inch blade, hardened steel",,pending,pending,pending,pending,pending,pending
BK-001,琨독270mm,Billhook 270mm,Cutting Tools,Billhooks,Carbon Steel,Wooden,27,,0.3,,HRC 46-54,Polished,600,Bulk Pack,36,57x33x12,18.7,25,CE,"billhook, brush hook, pruning billhook","Brush clearing, grass cutting, crop harvesting","Europe, Africa, South America","Professional grade billhooks, durable construction",,pending,pending,pending,pending,pending,pending
BK-002,琨독350mm,Billhook 350mm,Cutting Tools,Billhooks,Carbon Steel,Wooden,35,,0.3,,HRC 46-54,Polished,600,Bulk Pack,36,45x24x20,25.5,25,CE,"billhook, brush hook, pruning billhook","Brush clearing, grass cutting, crop harvesting","Europe, Africa, South America","Professional grade billhooks, durable construction",,pending,pending,pending,pending,pending,pending
GK-002,琨독290mm,Billhook M213L 290mm,Cutting Tools,Knives,Carbon Steel,Wooden,,,,,HRC 46-54,Polished,600,Bulk Pack,36,79x32x22,22,25,CE,"grafting knife, pruning knife, bud knife","Brush clearing, grass cutting, crop harvesting","Europe, Africa, South America","Professional grade knives, durable construction",,pending,pending,pending,pending,pending,pending
SK-001,癎젱독140mm,Palm Sickle 140mm,Cutting Tools,Sickles,Carbon Steel,None,,,,,,Polished,600,Bulk Pack,120,37x32x19,12,25,CE,"palm sickle, hand sickle, harvesting sickle, grain sickle","Brush clearing, grass cutting, crop harvesting","Europe, Africa, South America","Professional grade sickles, durable construction",,pending,pending,pending,pending,pending,pending
SK-002,癎젱독160mm,Palm Sickle 160mm,Cutting Tools,Sickles,Carbon Steel,None,,,,,,Polished,600,Bulk Pack,60,34x30x14,7,25,CE,"palm sickle, hand sickle, harvesting sickle, grain sickle","Brush clearing, grass cutting, crop harvesting","Europe, Africa, South America","Professional grade sickles, durable construction",,pending,pending,pending,pending,pending,pending
SK-003,癎젱독180mm,Palm Sickle 180mm,Cutting Tools,Sickles,Carbon Steel,None,,,,,,Polished,600,Bulk Pack,60,35x33x14,9,25,CE,"palm sickle, hand sickle, harvesting sickle, grain sickle","Brush clearing, grass cutting, crop harvesting","Europe, Africa, South America","Professional grade sickles, durable construction",,pending,pending,pending,pending,pending,pending
SK-004,癎젱독140mm,Palm Sickle S32 140mm,Cutting Tools,Sickles,Carbon Steel,None,,,,,,Polished,600,Bulk Pack,60,33x33x15,9,25,CE,"palm sickle, hand sickle, harvesting sickle, grain sickle","Brush clearing, grass cutting, crop harvesting","Europe, Africa, South America","Professional grade sickles, durable construction",,pending,pending,pending,pending,pending,pending
SK-005,癎젱독160mm,Palm Sickle S33 160mm,Cutting Tools,Sickles,Carbon Steel,None,,,,,,Polished,600,Bulk Pack,60,36x35x16,10,25,CE,"palm sickle, hand sickle, harvesting sickle, grain sickle","Brush clearing, grass cutting, crop harvesting","Europe, Africa, South America","Professional grade sickles, durable construction",,pending,pending,pending,pending,pending,pending
SK-006,癎젱독140mm,Palm Sickle 34CM 140mm,Cutting Tools,Sickles,Carbon Steel,None,,,,,,Polished,600,Bulk Pack,60,36x35x15,10,25,CE,"palm sickle, hand sickle, harvesting sickle, grain sickle","Brush clearing, grass cutting, crop harvesting","Europe, Africa, South America","Professional grade sickles, durable construction",,pending,pending,pending,pending,pending,pending
SK-007,癎젱독160mm,Palm Sickle 40CM 160mm,Cutting Tools,Sickles,Carbon Steel,None,,,,,,Polished,600,Bulk Pack,60,39x38x16,11,25,CE,"palm sickle, hand sickle, harvesting sickle, grain sickle","Brush clearing, grass cutting, crop harvesting","Europe, Africa, South America","Professional grade sickles, durable construction",,pending,pending,pending,pending,pending,pending
SK-008,癎젱독180mm,Palm Sickle 45CM 180mm,Cutting Tools,Sickles,Carbon Steel,None,,,,,,Polished,600,Bulk Pack,60,42x41x16,14,25,CE,"palm sickle, hand sickle, harvesting sickle, grain sickle","Brush clearing, grass cutting, crop harvesting","Europe, Africa, South America","Professional grade sickles, durable construction",,pending,pending,pending,pending,pending,pending
SK-009,癎젱독200mm,Palm Sickle 200mm,Cutting Tools,Sickles,Carbon Steel,None,,,,,,Polished,600,Bulk Pack,200,,14.2,25,CE,"palm sickle, hand sickle, harvesting sickle, grain sickle","Brush clearing, grass cutting, crop harvesting","Europe, Africa, South America","Professional grade sickles, durable construction",,pending,pending,pending,pending,pending,pending
GK-003,솩쌈독,Grafting Knife 90x160mm,Cutting Tools,Knives,Carbon Steel,None,16,,9,,,Polished,600,Bulk Pack,80,29x17x19,10.2,25,CE,"grafting knife, coco cutter, coconut cutter","Brush clearing, grass cutting, crop harvesting","Europe, Africa, South America","Professional grade knives, durable construction",,pending,pending,pending,pending,pending,pending
GK-004,솩쌈독,Grafting Knife 145x184mm,Cutting Tools,Knives,Carbon Steel,None,18.4,,14.5,,,Polished,600,Bulk Pack,80,40x21x24,21.3,25,CE,"grafting knife, coco cutter, coconut cutter","Brush clearing, grass cutting, crop harvesting","Europe, Africa, South America","Professional grade knives, durable construction",,pending,pending,pending,pending,pending,pending
CC-001,乃옳학몇독,Coco Cutter 88x205mm,Cutting Tools,Knives,Carbon Steel,None,20.5,,8.8,,,Polished,600,Bulk Pack,60,40x38x16,13,25,CE,"grafting knife, coco cutter, coconut cutter","Brush clearing, grass cutting, crop harvesting","Europe, Africa, South America","Professional grade knives, durable construction",,pending,pending,pending,pending,pending,pending
HE-001,2.5곰뇌庫,Hoe H301 2.5 lbs,Weeding Tools,Hoes,65Mn Steel,,14,1.13,23,,HRC 28-32,Polished,600,Bulk Pack,24,36x34x16,28,25,CE,"garden hoe, weeding hoe, steel hoe, farm hoe","Weeding, soil breaking, row making","Europe, Africa, South America","Professional grade hoes, durable construction",,pending,pending,pending,pending,pending,pending
HE-002,3곰뇌庫,Hoe H301 3 lbs,Weeding Tools,Hoes,65Mn Steel,,15.3,1.36,23.8,,HRC 28-32,Polished,600,Bulk Pack,24,39x37x16,33,25,CE,"garden hoe, weeding hoe, steel hoe, farm hoe","Weeding, soil breaking, row making","Europe, Africa, South America","Professional grade hoes, durable construction",,pending,pending,pending,pending,pending,pending
HE-003,3.5곰뇌庫,Hoe H301 3.5 lbs,Weeding Tools,Hoes,65Mn Steel,,16,1.59,26.3,,HRC 28-32,Polished,600,Bulk Pack,24,40x35x18,39,25,CE,"garden hoe, weeding hoe, steel hoe, farm hoe","Weeding, soil breaking, row making","Europe, Africa, South America","Professional grade hoes, durable construction",,pending,pending,pending,pending,pending,pending
HE-004,3뵀뇌庫,Hoe H302 #3,Weeding Tools,Hoes,65Mn Steel,,17.3,,23,,HRC 28-32,Polished,600,Wooden Case,24,45x38x20,31,25,CE,"garden hoe, weeding hoe, steel hoe, farm hoe","Weeding, soil breaking, row making","Europe, Africa, South America","Professional grade hoes, durable construction",,pending,pending,pending,pending,pending,pending
HE-005,4뵀뇌庫,Hoe H302 #4,Weeding Tools,Hoes,65Mn Steel,,18.5,,24,,HRC 28-32,Polished,600,Wooden Case,24,45x38x20,28,25,CE,"garden hoe, weeding hoe, steel hoe, farm hoe","Weeding, soil breaking, row making","Europe, Africa, South America","Professional grade hoes, durable construction",,pending,pending,pending,pending,pending,pending
HE-006,5뵀뇌庫,Hoe H302 #5,Weeding Tools,Hoes,65Mn Steel,,19.4,,25.8,,HRC 28-32,Polished,600,Wooden Case,24,45x38x22,39,25,CE,"garden hoe, weeding hoe, steel hoe, farm hoe","Weeding, soil breaking, row making","Europe, Africa, South America","Professional grade hoes, durable construction",,pending,pending,pending,pending,pending,pending
HE-007,6뵀뇌庫,Hoe H302 #6,Weeding Tools,Hoes,65Mn Steel,,20.8,,27.7,,HRC 28-32,Polished,600,Wooden Case,24,45x38x22,43,25,CE,"garden hoe, weeding hoe, steel hoe, farm hoe","Weeding, soil breaking, row making","Europe, Africa, South America","Professional grade hoes, durable construction",,pending,pending,pending,pending,pending,pending
HE-008,2곰뇌庫,Hoe H304 2 lbs,Weeding Tools,Hoes,65Mn Steel,,14.7,0.91,20.8,,HRC 28-32,Polished,600,Bulk Pack,24,36x33x14,22,25,CE,"garden hoe, weeding hoe, steel hoe, farm hoe","Weeding, soil breaking, row making","Europe, Africa, South America","Professional grade hoes, durable construction",,pending,pending,pending,pending,pending,pending
HE-009,2.5곰뇌庫,Hoe H304 2.5 lbs,Weeding Tools,Hoes,65Mn Steel,,17.7,1.13,22.9,,HRC 28-32,Polished,600,Bulk Pack,24,40x34x16,28,25,CE,"garden hoe, weeding hoe, steel hoe, farm hoe","Weeding, soil breaking, row making","Europe, Africa, South America","Professional grade hoes, durable construction",,pending,pending,pending,pending,pending,pending
HE-010,3곰뇌庫,Hoe H304 3 lbs,Weeding Tools,Hoes,65Mn Steel,,19.3,1.36,24.5,,HRC 28-32,Polished,600,Bulk Pack,24,40x34x18,33,25,CE,"garden hoe, weeding hoe, steel hoe, farm hoe","Weeding, soil breaking, row making","Europe, Africa, South America","Professional grade hoes, durable construction",,pending,pending,pending,pending,pending,pending
HE-011,1.5곰뇌庫,Hoe H305 1.5 lbs,Weeding Tools,Hoes,65Mn Steel,,12,0.68,18.1,,HRC 28-32,Polished,600,Bulk Pack,24,40x27x13,17.5,25,CE,"garden hoe, weeding hoe, steel hoe, farm hoe","Weeding, soil breaking, row making","Europe, Africa, South America","Professional grade hoes, durable construction",,pending,pending,pending,pending,pending,pending
HE-012,2곰뇌庫,Hoe H305 2 lbs,Weeding Tools,Hoes,65Mn Steel,,15.2,0.91,18.1,,HRC 28-32,Polished,600,Bulk Pack,24,40x33x14,22.5,25,CE,"garden hoe, weeding hoe, steel hoe, farm hoe","Weeding, soil breaking, row making","Europe, Africa, South America","Professional grade hoes, durable construction",,pending,pending,pending,pending,pending,pending
HE-013,2.5곰뇌庫,Hoe H305 2.5 lbs,Weeding Tools,Hoes,65Mn Steel,,15.6,1.13,20.5,,HRC 28-32,Polished,600,Bulk Pack,24,40x34x16,27.5,25,CE,"garden hoe, weeding hoe, steel hoe, farm hoe","Weeding, soil breaking, row making","Europe, Africa, South America","Professional grade hoes, durable construction",,pending,pending,pending,pending,pending,pending
HE-014,3곰뇌庫,Hoe H305 3 lbs,Weeding Tools,Hoes,65Mn Steel,,17.3,1.36,24,,HRC 28-32,Polished,600,Bulk Pack,24,40x34x19,33,25,CE,"garden hoe, weeding hoe, steel hoe, farm hoe","Weeding, soil breaking, row making","Europe, Africa, South America","Professional grade hoes, durable construction",,pending,pending,pending,pending,pending,pending
HE-015,3곰뇌庫B謹,Hoe H305 3 lbs Type B,Weeding Tools,Hoes,65Mn Steel,,17.3,1.36,24,,HRC 28-32,Polished,600,Bulk Pack,24,40x34x19,33,25,CE,"garden hoe, weeding hoe, steel hoe, farm hoe","Weeding, soil breaking, row making","Europe, Africa, South America","Professional grade hoes, durable construction",,pending,pending,pending,pending,pending,pending
HE-016,1.2kg뇌庫,Hoe H305 1.2 kg,Weeding Tools,Hoes,65Mn Steel,,13.9,1.2,25.4,,HRC 28-32,Polished,600,Bulk Pack,24,40x34x16,29,25,CE,"garden hoe, weeding hoe, steel hoe, farm hoe","Weeding, soil breaking, row making","Europe, Africa, South America","Professional grade hoes, durable construction",,pending,pending,pending,pending,pending,pending
HE-017,1.5kg뇌庫,Hoe H305 1.5 kg,Weeding Tools,Hoes,65Mn Steel,,14.4,1.5,27.4,,HRC 28-32,Polished,600,Bulk Pack,24,40x34x17,36.5,25,CE,"garden hoe, weeding hoe, steel hoe, farm hoe","Weeding, soil breaking, row making","Europe, Africa, South America","Professional grade hoes, durable construction",,pending,pending,pending,pending,pending,pending
HE-018,2곰뇌庫,Hoe H313 2 lbs,Weeding Tools,Hoes,65Mn Steel,,18.1,0.91,18.2,,HRC 28-32,Polished,600,Bulk Pack,24,38x32x15,22,25,CE,"garden hoe, weeding hoe, steel hoe, farm hoe","Weeding, soil breaking, row making","Europe, Africa, South America","Professional grade hoes, durable construction",,pending,pending,pending,pending,pending,pending
HE-019,2.5곰뇌庫,Hoe H315 2.5 lbs,Weeding Tools,Hoes,65Mn Steel,,15.4,1.13,24.2,,HRC 28-32,Polished,600,Bulk Pack,24,39x35x19,27.5,25,CE,"garden hoe, weeding hoe, steel hoe, farm hoe","Weeding, soil breaking, row making","Europe, Africa, South America","Professional grade hoes, durable construction",,pending,pending,pending,pending,pending,pending
HE-020,3곰뇌庫,Hoe H315 3 lbs,Weeding Tools,Hoes,65Mn Steel,,19,1.36,27.5,,HRC 28-32,Polished,600,Bulk Pack,24,42x35x20,33,25,CE,"garden hoe, weeding hoe, steel hoe, farm hoe","Weeding, soil breaking, row making","Europe, Africa, South America","Professional grade hoes, durable construction",,pending,pending,pending,pending,pending,pending
HE-021,3.5곰뇌庫,Hoe H315 3.5 lbs,Weeding Tools,Hoes,65Mn Steel,,20.8,1.59,30.4,,HRC 28-32,Polished,600,Bulk Pack,24,42x35x20,38.5,25,CE,"garden hoe, weeding hoe, steel hoe, farm hoe","Weeding, soil breaking, row making","Europe, Africa, South America","Professional grade hoes, durable construction",,pending,pending,pending,pending,pending,pending
HE-022,4곰뇌庫,Hoe H315 4 lbs,Weeding Tools,Hoes,65Mn Steel,,24.4,1.81,31.8,,HRC 28-32,Polished,600,Bulk Pack,12,46x25x21,22.5,25,CE,"garden hoe, weeding hoe, steel hoe, farm hoe","Weeding, soil breaking, row making","Europe, Africa, South America","Professional grade hoes, durable construction",,pending,pending,pending,pending,pending,pending
HE-023,2.25곰뇌庫,Hoe H316 2.25 lbs,Weeding Tools,Hoes,65Mn Steel,,15,1.02,23.5,,HRC 28-32,Polished,600,Bulk Pack,24,37x36x16,25,25,CE,"garden hoe, weeding hoe, steel hoe, farm hoe","Weeding, soil breaking, row making","Europe, Africa, South America","Professional grade hoes, durable construction",,pending,pending,pending,pending,pending,pending
HE-024,2.75곰뇌庫,Hoe H316 2.75 lbs,Weeding Tools,Hoes,65Mn Steel,,17.2,1.25,26.3,,HRC 28-32,Polished,600,Bulk Pack,24,39x37x17,30.5,25,CE,"garden hoe, weeding hoe, steel hoe, farm hoe","Weeding, soil breaking, row making","Europe, Africa, South America","Professional grade hoes, durable construction",,pending,pending,pending,pending,pending,pending
HE-025,2곰뇌庫,Hoe H317 2 lbs,Weeding Tools,Hoes,65Mn Steel,,16,0.91,20.7,,HRC 28-32,Polished,600,Bulk Pack,24,40x33x14,22.5,25,CE,"garden hoe, weeding hoe, steel hoe, farm hoe","Weeding, soil breaking, row making","Europe, Africa, South America","Professional grade hoes, durable construction",,pending,pending,pending,pending,pending,pending
HE-026,2.5곰뇌庫,Hoe H317 2.5 lbs,Weeding Tools,Hoes,65Mn Steel,,16.4,1.13,22.6,,HRC 28-32,Polished,600,Bulk Pack,24,40x34x16,27.5,25,CE,"garden hoe, weeding hoe, steel hoe, farm hoe","Weeding, soil breaking, row making","Europe, Africa, South America","Professional grade hoes, durable construction",,pending,pending,pending,pending,pending,pending
HE-027,2곰뇌庫,Hoe H318 2 lbs,Weeding Tools,Hoes,65Mn Steel,,16,0.91,20.7,,HRC 28-32,Polished,600,Bulk Pack,24,40x33x14,22.5,25,CE,"garden hoe, weeding hoe, steel hoe, farm hoe","Weeding, soil breaking, row making","Europe, Africa, South America","Professional grade hoes, durable construction",,pending,pending,pending,pending,pending,pending
HE-028,3.25곰뇌庫,Hoe H320 3.25 lbs,Weeding Tools,Hoes,65Mn Steel,,21,1.47,17.7,,HRC 28-32,Polished,600,Bulk Pack,12,40x27x12,17.5,25,CE,"garden hoe, weeding hoe, steel hoe, farm hoe","Weeding, soil breaking, row making","Europe, Africa, South America","Professional grade hoes, durable construction",,pending,pending,pending,pending,pending,pending
HE-029,3.75곰뇌庫,Hoe H320 3.75 lbs,Weeding Tools,Hoes,65Mn Steel,,22.1,1.7,22.3,,HRC 28-32,Polished,600,Bulk Pack,12,40x33x13,21,25,CE,"garden hoe, weeding hoe, steel hoe, farm hoe","Weeding, soil breaking, row making","Europe, Africa, South America","Professional grade hoes, durable construction",,pending,pending,pending,pending,pending,pending
HE-030,3.75곰뇌庫B謹,Hoe H320 3.75 lbs Type B,Weeding Tools,Hoes,65Mn Steel,,20.6,1.7,20.5,,HRC 28-32,Polished,600,Bulk Pack,12,40x34x14,21,25,CE,"garden hoe, weeding hoe, steel hoe, farm hoe","Weeding, soil breaking, row making","Europe, Africa, South America","Professional grade hoes, durable construction",,pending,pending,pending,pending,pending,pending
HE-031,2.5곰뇌庫,Hoe H320 2.5 lbs,Weeding Tools,Hoes,65Mn Steel,,15,1.13,24,,HRC 28-32,Polished,600,Bulk Pack,24,40x34x17,27.5,25,CE,"garden hoe, weeding hoe, steel hoe, farm hoe","Weeding, soil breaking, row making","Europe, Africa, South America","Professional grade hoes, durable construction",,pending,pending,pending,pending,pending,pending
HE-032,3.25곰途뇌,Round Hoe H320R 3.25 lbs,Weeding Tools,Hoes,65Mn Steel,,21.3,1.47,18,,HRC 28-32,Polished,600,Bulk Pack,12,40x27x12,18.2,25,CE,"garden hoe, weeding hoe, steel hoe, farm hoe","Weeding, soil breaking, row making","Europe, Africa, South America","Professional grade hoes, durable construction",,pending,pending,pending,pending,pending,pending
HE-033,2.5곰뇌庫,Hoe H321 2.5 lbs,Weeding Tools,Hoes,65Mn Steel,,18.5,1.13,25,,HRC 28-32,Polished,600,Bulk Pack,24,43x36x16,27.5,25,CE,"garden hoe, weeding hoe, steel hoe, farm hoe","Weeding, soil breaking, row making","Europe, Africa, South America","Professional grade hoes, durable construction",,pending,pending,pending,pending,pending,pending
TW-001,600g蹈論끎,Garden Trowel 600g,Weeding Tools,Trowels,Carbon Steel,None,10.5,0.6,15,,,Polished,600,Bulk Pack,25,31x25x14,15.5,25,CE,"garden trowel, transplanting trowel, hand trowel","Weeding, soil breaking, row making","Europe, Africa, South America","Professional grade trowels, durable construction",,pending,pending,pending,pending,pending,pending
TW-002,800g蹈論끎,Garden Trowel 800g,Weeding Tools,Trowels,Carbon Steel,None,12,0.8,19,,,Polished,600,Bulk Pack,25,33x26x18,20.5,25,CE,"garden trowel, transplanting trowel, hand trowel","Weeding, soil breaking, row making","Europe, Africa, South America","Professional grade trowels, durable construction",,pending,pending,pending,pending,pending,pending
TW-003,1000g蹈論끎,Garden Trowel 1000g,Weeding Tools,Trowels,Carbon Steel,None,14,1,21,,,Polished,600,Bulk Pack,25,36x29x17,25.5,25,CE,"garden trowel, transplanting trowel, hand trowel","Weeding, soil breaking, row making","Europe, Africa, South America","Professional grade trowels, durable construction",,pending,pending,pending,pending,pending,pending
TW-004,1200g蹈論끎,Garden Trowel 1200g,Weeding Tools,Trowels,Carbon Steel,None,16,1.2,23,,,Polished,600,Bulk Pack,25,41x31x19,30.5,25,CE,"garden trowel, transplanting trowel, hand trowel","Weeding, soil breaking, row making","Europe, Africa, South America","Professional grade trowels, durable construction",,pending,pending,pending,pending,pending,pending
TW-005,600g蹈論끎,Garden Trowel H323 600g,Weeding Tools,Trowels,Carbon Steel,None,12,0.6,15.5,,,Polished,600,Bulk Pack,25,31x25x14,15.5,25,CE,"garden trowel, transplanting trowel, hand trowel","Weeding, soil breaking, row making","Europe, Africa, South America","Professional grade trowels, durable construction",,pending,pending,pending,pending,pending,pending
TW-006,800g蹈論끎,Garden Trowel H323 800g,Weeding Tools,Trowels,Carbon Steel,None,14,0.8,16.5,,,Polished,600,Bulk Pack,25,33x26x18,20.5,25,CE,"garden trowel, transplanting trowel, hand trowel","Weeding, soil breaking, row making","Europe, Africa, South America","Professional grade trowels, durable construction",,pending,pending,pending,pending,pending,pending
TW-007,1000g蹈論끎,Garden Trowel H323 1000g,Weeding Tools,Trowels,Carbon Steel,None,15.5,1,18.5,,,Polished,600,Bulk Pack,25,38x32x15,25.5,25,CE,"garden trowel, transplanting trowel, hand trowel","Weeding, soil breaking, row making","Europe, Africa, South America","Professional grade trowels, durable construction",,pending,pending,pending,pending,pending,pending
HE-034,2곰뇌庫,Hoe H324 2 lbs,Weeding Tools,Hoes,65Mn Steel,,19.6,0.91,19.2,,HRC 28-32,Polished,600,Bulk Pack,24,40x33x16,22.5,25,CE,"garden hoe, weeding hoe, steel hoe, farm hoe","Weeding, soil breaking, row making","Europe, Africa, South America","Professional grade hoes, durable construction",,pending,pending,pending,pending,pending,pending
HE-035,2곰뇌庫,Hoe H325 2 lbs,Weeding Tools,Hoes,65Mn Steel,,19,0.91,19.5,,HRC 28-32,Polished,600,Bulk Pack,24,40x33x14,22.5,25,CE,"garden hoe, weeding hoe, steel hoe, farm hoe","Weeding, soil breaking, row making","Europe, Africa, South America","Professional grade hoes, durable construction",,pending,pending,pending,pending,pending,pending
HE-036,2.5곰뇌庫,Hoe H325 2.5 lbs,Weeding Tools,Hoes,65Mn Steel,,19.5,1.13,21,,HRC 28-32,Polished,600,Bulk Pack,24,40x34x16,27.5,25,CE,"garden hoe, weeding hoe, steel hoe, farm hoe","Weeding, soil breaking, row making","Europe, Africa, South America","Professional grade hoes, durable construction",,pending,pending,pending,pending,pending,pending
WD-001,1.125kg뇜꿇포,Weeder H326 1.125 kg,Weeding Tools,Weeders,Carbon Steel,None,18,1.12,25.2,,,Polished,600,Bulk Pack,24,38x29x16,27.5,25,CE,"garden weeder, hand weeder, soil weeder","Weeding, soil breaking, row making","Europe, Africa, South America","Professional grade weeders, durable construction",,pending,pending,pending,pending,pending,pending
WD-002,0.75kg뇜꿇포,Weeder H327 0.75 kg,Weeding Tools,Weeders,Carbon Steel,None,15,0.75,16,,,Polished,600,Bulk Pack,24,40x27x12,18.5,25,CE,"garden weeder, hand weeder, soil weeder","Weeding, soil breaking, row making","Europe, Africa, South America","Professional grade weeders, durable construction",,pending,pending,pending,pending,pending,pending
WD-003,1.125kg뇜꿇포,Weeder H327 1.125 kg,Weeding Tools,Weeders,Carbon Steel,None,16.2,1.12,20,,,Polished,600,Bulk Pack,24,40x33x14,27.5,25,CE,"garden weeder, hand weeder, soil weeder","Weeding, soil breaking, row making","Europe, Africa, South America","Professional grade weeders, durable construction",,pending,pending,pending,pending,pending,pending
WD-004,2.5곰뇜꿇포,Weeder H329 2.5 lbs,Weeding Tools,Weeders,Carbon Steel,None,33,1.13,18.4,,,Polished,600,Bulk Pack,24,40x34x20,27.5,25,CE,"garden weeder, hand weeder, soil weeder","Weeding, soil breaking, row making","Europe, Africa, South America","Professional grade weeders, durable construction",,pending,pending,pending,pending,pending,pending
HE-037,1kg뇌庫,Hoe H330 1 kg,Weeding Tools,Hoes,65Mn Steel,,13.5,1,18.3,,HRC 28-32,Polished,600,Bulk Pack,24,,24.5,25,CE,"garden hoe, weeding hoe, steel hoe, farm hoe","Weeding, soil breaking, row making","Europe, Africa, South America","Professional grade hoes, durable construction",,pending,pending,pending,pending,pending,pending
HE-038,1.2kg뇌庫,Hoe H330 1.2 kg,Weeding Tools,Hoes,65Mn Steel,,15.8,1.2,21.8,,HRC 28-32,Polished,600,Bulk Pack,24,,29.5,25,CE,"garden hoe, weeding hoe, steel hoe, farm hoe","Weeding, soil breaking, row making","Europe, Africa, South America","Professional grade hoes, durable construction",,pending,pending,pending,pending,pending,pending
HE-039,1kg뇌庫B謹,Hoe H330 1 kg Type B,Weeding Tools,Hoes,65Mn Steel,,13.4,1,17.7,,HRC 28-32,Polished,600,Bulk Pack,20,34x27x19,20.5,25,CE,"garden hoe, weeding hoe, steel hoe, farm hoe","Weeding, soil breaking, row making","Europe, Africa, South America","Professional grade hoes, durable construction",,pending,pending,pending,pending,pending,pending
HE-040,1.2kg뇌庫B謹,Hoe H330 1.2 kg Type B,Weeding Tools,Hoes,65Mn Steel,,14,1.2,20,,HRC 28-32,Polished,600,Bulk Pack,20,36x29x19,24.5,25,CE,"garden hoe, weeding hoe, steel hoe, farm hoe","Weeding, soil breaking, row making","Europe, Africa, South America","Professional grade hoes, durable construction",,pending,pending,pending,pending,pending,pending
HE-041,0.7kg뇌庫,Hoe H331 0.7 kg,Weeding Tools,Hoes,65Mn Steel,,14.5,0.7,15,,HRC 28-32,Polished,600,Bulk Pack,25,,18,25,CE,"garden hoe, weeding hoe, steel hoe, farm hoe","Weeding, soil breaking, row making","Europe, Africa, South America","Professional grade hoes, durable construction",,pending,pending,pending,pending,pending,pending
HE-042,0.8kg뇌庫,Hoe H331 0.8 kg,Weeding Tools,Hoes,65Mn Steel,,16,0.8,17.3,,HRC 28-32,Polished,600,Bulk Pack,25,,20.5,25,CE,"garden hoe, weeding hoe, steel hoe, farm hoe","Weeding, soil breaking, row making","Europe, Africa, South America","Professional grade hoes, durable construction",,pending,pending,pending,pending,pending,pending
HE-043,0.9kg뇌庫,Hoe H331 0.9 kg,Weeding Tools,Hoes,65Mn Steel,,17,0.9,19,,HRC 28-32,Polished,600,Bulk Pack,25,,23,25,CE,"garden hoe, weeding hoe, steel hoe, farm hoe","Weeding, soil breaking, row making","Europe, Africa, South America","Professional grade hoes, durable construction",,pending,pending,pending,pending,pending,pending
HE-044,1kg뇌庫,Hoe H331 1 kg,Weeding Tools,Hoes,65Mn Steel,,18.5,1,20,,HRC 28-32,Polished,600,Bulk Pack,25,,25.5,25,CE,"garden hoe, weeding hoe, steel hoe, farm hoe","Weeding, soil breaking, row making","Europe, Africa, South America","Professional grade hoes, durable construction",,pending,pending,pending,pending,pending,pending
HE-045,1kg뇌庫,Hoe H332 1 kg,Weeding Tools,Hoes,65Mn Steel,,24,1,19.2,,HRC 28-32,Polished,600,Bulk Pack,25,,25.5,25,CE,"garden hoe, weeding hoe, steel hoe, farm hoe","Weeding, soil breaking, row making","Europe, Africa, South America","Professional grade hoes, durable construction",,pending,pending,pending,pending,pending,pending
HE-046,1kg뇌庫,Hoe H333 1 kg,Weeding Tools,Hoes,65Mn Steel,,18.2,1,22.7,,HRC 28-32,Polished,600,Bulk Pack,24,,24.5,25,CE,"garden hoe, weeding hoe, steel hoe, farm hoe","Weeding, soil breaking, row making","Europe, Africa, South America","Professional grade hoes, durable construction",,pending,pending,pending,pending,pending,pending
HE-047,2.5곰뇌庫,Hoe H334 2.5 lbs,Weeding Tools,Hoes,65Mn Steel,,22.8,1.13,17.5,,HRC 28-32,Polished,600,Bulk Pack,24,,27.5,25,CE,"garden hoe, weeding hoe, steel hoe, farm hoe","Weeding, soil breaking, row making","Europe, Africa, South America","Professional grade hoes, durable construction",,pending,pending,pending,pending,pending,pending
HE-048,2곰뇌庫,Hoe H335 2 lbs,Weeding Tools,Hoes,65Mn Steel,,19.8,0.91,20.8,,HRC 28-32,Polished,600,Bulk Pack,24,,22.5,25,CE,"garden hoe, weeding hoe, steel hoe, farm hoe","Weeding, soil breaking, row making","Europe, Africa, South America","Professional grade hoes, durable construction",,pending,pending,pending,pending,pending,pending
HE-049,0.75kg뇌庫,Hoe H336 0.75 kg,Weeding Tools,Hoes,65Mn Steel,,10,0.75,28,,HRC 28-32,Polished,600,Bulk Pack,24,,18.5,25,CE,"garden hoe, weeding hoe, steel hoe, farm hoe","Weeding, soil breaking, row making","Europe, Africa, South America","Professional grade hoes, durable construction",,pending,pending,pending,pending,pending,pending
HE-050,1kg뇌庫,Hoe H336 1 kg,Weeding Tools,Hoes,65Mn Steel,,12,1,29.3,,HRC 28-32,Polished,600,Bulk Pack,24,,24.5,25,CE,"garden hoe, weeding hoe, steel hoe, farm hoe","Weeding, soil breaking, row making","Europe, Africa, South America","Professional grade hoes, durable construction",,pending,pending,pending,pending,pending,pending
HE-051,600g뇌庫,Hoe H337 600g,Weeding Tools,Hoes,65Mn Steel,,11.5,0.6,19.5,,HRC 28-32,Polished,600,Bulk Pack,25,,16,25,CE,"garden hoe, weeding hoe, steel hoe, farm hoe","Weeding, soil breaking, row making","Europe, Africa, South America","Professional grade hoes, durable construction",,pending,pending,pending,pending,pending,pending
HE-052,800g뇌庫,Hoe H337 800g,Weeding Tools,Hoes,65Mn Steel,,13,0.8,22,,HRC 28-32,Polished,600,Bulk Pack,25,,21,25,CE,"garden hoe, weeding hoe, steel hoe, farm hoe","Weeding, soil breaking, row making","Europe, Africa, South America","Professional grade hoes, durable construction",,pending,pending,pending,pending,pending,pending
HE-053,650g뇌庫,Hoe H338 650g,Weeding Tools,Hoes,65Mn Steel,,15.5,0.65,21.5,,HRC 28-32,Polished,600,Bulk Pack,24,,16,25,CE,"garden hoe, weeding hoe, steel hoe, farm hoe","Weeding, soil breaking, row making","Europe, Africa, South America","Professional grade hoes, durable construction",,pending,pending,pending,pending,pending,pending
HE-054,950g뇌庫,Hoe H338 950g,Weeding Tools,Hoes,65Mn Steel,,15,0.95,27,,HRC 28-32,Polished,600,Bulk Pack,24,,23.2,25,CE,"garden hoe, weeding hoe, steel hoe, farm hoe","Weeding, soil breaking, row making","Europe, Africa, South America","Professional grade hoes, durable construction",,pending,pending,pending,pending,pending,pending
HE-055,750g뇌庫,Hoe H339 750g,Weeding Tools,Hoes,65Mn Steel,,11.1,0.75,23.7,,HRC 28-32,Polished,600,Bulk Pack,24,,18.5,25,CE,"garden hoe, weeding hoe, steel hoe, farm hoe","Weeding, soil breaking, row making","Europe, Africa, South America","Professional grade hoes, durable construction",,pending,pending,pending,pending,pending,pending
TW-008,400g蹈論끎,Garden Trowel 400g,Weeding Tools,Trowels,Carbon Steel,None,,0.4,,,,Polished,600,Bulk Pack,25,,10.5,25,CE,"garden trowel, transplanting trowel, hand trowel","Weeding, soil breaking, row making","Europe, Africa, South America","Professional grade trowels, durable construction",,pending,pending,pending,pending,pending,pending
TW-009,600g蹈論끎,Garden Trowel 600g,Weeding Tools,Trowels,Carbon Steel,None,,0.6,,,,Polished,600,Bulk Pack,25,,15.5,25,CE,"garden trowel, transplanting trowel, hand trowel","Weeding, soil breaking, row making","Europe, Africa, South America","Professional grade trowels, durable construction",,pending,pending,pending,pending,pending,pending
TW-010,800g蹈論끎,Garden Trowel 800g,Weeding Tools,Trowels,Carbon Steel,None,,0.8,,,,Polished,600,Bulk Pack,25,,20.5,25,CE,"garden trowel, transplanting trowel, hand trowel","Weeding, soil breaking, row making","Europe, Africa, South America","Professional grade trowels, durable construction",,pending,pending,pending,pending,pending,pending
TW-011,1000g蹈論끎,Garden Trowel 1000g,Weeding Tools,Trowels,Carbon Steel,None,,1,,,,Polished,600,Bulk Pack,25,,25.5,25,CE,"garden trowel, transplanting trowel, hand trowel","Weeding, soil breaking, row making","Europe, Africa, South America","Professional grade trowels, durable construction",,pending,pending,pending,pending,pending,pending
TW-012,300g鬼끎,Small Trowel 300g,Weeding Tools,Trowels,Carbon Steel,None,8.9,0.3,12.5,,,Polished,600,Bulk Pack,24,,7.5,25,CE,"garden trowel, transplanting trowel, hand trowel","Weeding, soil breaking, row making","Europe, Africa, South America","Professional grade trowels, durable construction",,pending,pending,pending,pending,pending,pending
TW-013,320g鬼끎,Small Trowel 320g,Weeding Tools,Trowels,Carbon Steel,None,6.4,0.32,13,,,Polished,600,Bulk Pack,24,,8,25,CE,"garden trowel, transplanting trowel, hand trowel","Weeding, soil breaking, row making","Europe, Africa, South America","Professional grade trowels, durable construction",,pending,pending,pending,pending,pending,pending
WD-005,600g뇜꿇포,Weeder 600g,Weeding Tools,Weeders,Carbon Steel,None,7.4,0.6,12,,,Polished,600,Bulk Pack,24,,14.8,25,CE,"garden weeder, hand weeder, soil weeder","Weeding, soil breaking, row making","Europe, Africa, South America","Professional grade weeders, durable construction",,pending,pending,pending,pending,pending,pending
HE-056,900g뇜꿇포,Weeder 900g,Weeding Tools,Hoes,65Mn Steel,,14,0.9,17.7,,HRC 28-32,Polished,600,Bulk Pack,24,,22,25,CE,"garden hoe, weeding hoe, steel hoe, farm hoe","Weeding, soil breaking, row making","Europe, Africa, South America","Professional grade hoes, durable construction",,pending,pending,pending,pending,pending,pending
TW-014,400g盧濂끎,Transplanter 400g,Weeding Tools,Trowels,Carbon Steel,None,,0.4,,,,Polished,600,Bulk Pack,25,,,25,CE,"garden trowel, transplanting trowel, hand trowel","Weeding, soil breaking, row making","Europe, Africa, South America","Professional grade trowels, durable construction",,pending,pending,pending,pending,pending,pending
TW-015,500g盧濂끎,Transplanter 500g,Weeding Tools,Trowels,Carbon Steel,None,,0.5,,,,Polished,600,Bulk Pack,25,,,25,CE,"garden trowel, transplanting trowel, hand trowel","Weeding, soil breaking, row making","Europe, Africa, South America","Professional grade trowels, durable construction",,pending,pending,pending,pending,pending,pending
TW-016,550g盧濂끎,Transplanter 550g,Weeding Tools,Trowels,Carbon Steel,None,,0.55,,,,Polished,600,Bulk Pack,25,,,25,CE,"garden trowel, transplanting trowel, hand trowel","Weeding, soil breaking, row making","Europe, Africa, South America","Professional grade trowels, durable construction",,pending,pending,pending,pending,pending,pending
TW-017,600g盧濂끎,Transplanter 600g,Weeding Tools,Trowels,Carbon Steel,None,,0.6,,,,Polished,600,Bulk Pack,25,,,25,CE,"garden trowel, transplanting trowel, hand trowel","Weeding, soil breaking, row making","Europe, Africa, South America","Professional grade trowels, durable construction",,pending,pending,pending,pending,pending,pending
TW-018,600g끎,Trowel G502 600g,Weeding Tools,Trowels,Carbon Steel,None,,0.6,,,,Polished,600,Bulk Pack,25,29x25x16,15.5,25,CE,"garden trowel, transplanting trowel, hand trowel","Weeding, soil breaking, row making","Europe, Africa, South America","Professional grade trowels, durable construction",,pending,pending,pending,pending,pending,pending
TW-019,700g끎,Trowel G502 700g,Weeding Tools,Trowels,Carbon Steel,None,,0.7,,,,Polished,600,Bulk Pack,25,31x27x17,18,25,CE,"garden trowel, transplanting trowel, hand trowel","Weeding, soil breaking, row making","Europe, Africa, South America","Professional grade trowels, durable construction",,pending,pending,pending,pending,pending,pending
PA-001,5곰枷俚멧庫,Pickaxe Head 5 lbs,Digging Tools,Pickaxes,45# Steel,,,2.27,,,HRC 40-50,Forged + Polished,1200,Bulk Pack,6,,13.7,25,CE,"pickaxe head, mining pick, stone pick, forging pick","Garden soil turning, compost mixing, lawn aeration","Europe, Africa, South America","Professional grade pickaxes, durable construction",,pending,pending,pending,pending,pending,pending
PA-002,5.5곰枷俚멧庫,Pickaxe Head 5.5 lbs,Digging Tools,Pickaxes,45# Steel,,,2.49,,,HRC 40-50,Forged + Polished,1200,Bulk Pack,6,,15.1,25,CE,"pickaxe head, mining pick, stone pick, forging pick","Garden soil turning, compost mixing, lawn aeration","Europe, Africa, South America","Professional grade pickaxes, durable construction",,pending,pending,pending,pending,pending,pending
PA-003,1.5kg枷俚멧庫,Pickaxe Head 1.5 kg,Digging Tools,Pickaxes,45# Steel,,,1.5,,,HRC 40-50,Forged + Polished,1200,Bulk Pack,6,,9.1,25,CE,"pickaxe head, mining pick, stone pick, forging pick","Garden soil turning, compost mixing, lawn aeration","Europe, Africa, South America","Professional grade pickaxes, durable construction",,pending,pending,pending,pending,pending,pending
PA-004,1.8kg枷俚멧庫,Pickaxe Head 1.8 kg,Digging Tools,Pickaxes,45# Steel,,,1.8,,,HRC 40-50,Forged + Polished,1200,Bulk Pack,6,,,25,CE,"pickaxe head, mining pick, stone pick, forging pick","Garden soil turning, compost mixing, lawn aeration","Europe, Africa, South America","Professional grade pickaxes, durable construction",,pending,pending,pending,pending,pending,pending
PA-005,2.0kg枷俚멧庫,Pickaxe Head 2 kg,Digging Tools,Pickaxes,45# Steel,,,2,,,HRC 40-50,Forged + Polished,1200,Bulk Pack,6,,12.3,25,CE,"pickaxe head, mining pick, stone pick, forging pick","Garden soil turning, compost mixing, lawn aeration","Europe, Africa, South America","Professional grade pickaxes, durable construction",,pending,pending,pending,pending,pending,pending
PA-006,2.2kg枷俚멧庫,Pickaxe Head 2.2 kg,Digging Tools,Pickaxes,45# Steel,,,2.2,,,HRC 40-50,Forged + Polished,1200,Bulk Pack,6,,13.7,25,CE,"pickaxe head, mining pick, stone pick, forging pick","Garden soil turning, compost mixing, lawn aeration","Europe, Africa, South America","Professional grade pickaxes, durable construction",,pending,pending,pending,pending,pending,pending
PA-007,2.5kg枷俚멧庫,Pickaxe Head 2.5 kg,Digging Tools,Pickaxes,45# Steel,,,2.5,,,HRC 40-50,Forged + Polished,1200,Bulk Pack,6,,15.1,25,CE,"pickaxe head, mining pick, stone pick, forging pick","Garden soil turning, compost mixing, lawn aeration","Europe, Africa, South America","Professional grade pickaxes, durable construction",,pending,pending,pending,pending,pending,pending
PA-008,2.7kg枷俚멧庫,Pickaxe Head 2.7 kg,Digging Tools,Pickaxes,45# Steel,,,2.7,,,HRC 40-50,Forged + Polished,1200,Bulk Pack,6,,16.4,25,CE,"pickaxe head, mining pick, stone pick, forging pick","Garden soil turning, compost mixing, lawn aeration","Europe, Africa, South America","Professional grade pickaxes, durable construction",,pending,pending,pending,pending,pending,pending
PA-009,3.0kg枷俚멧庫,Pickaxe Head 3 kg,Digging Tools,Pickaxes,45# Steel,,,3,,,HRC 40-50,Forged + Polished,1200,Bulk Pack,6,,17.8,25,CE,"pickaxe head, mining pick, stone pick, forging pick","Garden soil turning, compost mixing, lawn aeration","Europe, Africa, South America","Professional grade pickaxes, durable construction",,pending,pending,pending,pending,pending,pending
PA-010,3.2kg枷俚멧庫,Pickaxe Head 3.2 kg,Digging Tools,Pickaxes,45# Steel,,,3.2,,,HRC 40-50,Forged + Polished,1200,Bulk Pack,6,,19.1,25,CE,"pickaxe head, mining pick, stone pick, forging pick","Garden soil turning, compost mixing, lawn aeration","Europe, Africa, South America","Professional grade pickaxes, durable construction",,pending,pending,pending,pending,pending,pending
SH-001,500g屆픈,Shovel SH001 500g,Digging Tools,Shovels,50Mn Steel,,,0.5,,,HRC 38-45,Polished + Painted,1200,Bulk Pack,40,32x24x21,20.5,25,CE,"shovel, iron shovel, garden shovel, digging shovel","Garden soil turning, compost mixing, lawn aeration","Europe, Africa, South America","Professional grade shovels, durable construction",,pending,pending,pending,pending,pending,pending
SH-002,650g屆픈,Shovel SH001 650g,Digging Tools,Shovels,50Mn Steel,,,0.65,,,HRC 38-45,Polished + Painted,1200,Bulk Pack,40,40x21x24,24.5,25,CE,"shovel, iron shovel, garden shovel, digging shovel","Garden soil turning, compost mixing, lawn aeration","Europe, Africa, South America","Professional grade shovels, durable construction",,pending,pending,pending,pending,pending,pending
SH-003,700g屆픈,Shovel SH002 700g,Digging Tools,Shovels,50Mn Steel,,,0.7,,,HRC 38-45,Polished + Painted,1200,Bulk Pack,40,26x25.5x21,28.5,25,CE,"shovel, iron shovel, garden shovel, digging shovel","Garden soil turning, compost mixing, lawn aeration","Europe, Africa, South America","Professional grade shovels, durable construction",,pending,pending,pending,pending,pending,pending
SH-004,700g屆픈,Shovel SH003 700g,Digging Tools,Shovels,50Mn Steel,,,0.7,,,HRC 38-45,Polished + Painted,1200,Bulk Pack,40,28x23x22,28.5,25,CE,"shovel, iron shovel, garden shovel, digging shovel","Garden soil turning, compost mixing, lawn aeration","Europe, Africa, South America","Professional grade shovels, durable construction",,pending,pending,pending,pending,pending,pending
SH-005,700g屆픈,Shovel SH005 700g,Digging Tools,Shovels,50Mn Steel,,,0.7,,,HRC 38-45,Polished + Painted,1200,Bulk Pack,40,42x22x25,28.5,25,CE,"shovel, iron shovel, garden shovel, digging shovel","Garden soil turning, compost mixing, lawn aeration","Europe, Africa, South America","Professional grade shovels, durable construction",,pending,pending,pending,pending,pending,pending
SH-006,600g屆픈,Shovel SH006 600g,Digging Tools,Shovels,50Mn Steel,,,0.6,,,HRC 38-45,Polished + Painted,1200,Bulk Pack,40,35x21x16,24.5,25,CE,"shovel, iron shovel, garden shovel, digging shovel","Garden soil turning, compost mixing, lawn aeration","Europe, Africa, South America","Professional grade shovels, durable construction",,pending,pending,pending,pending,pending,pending
SH-007,700g屆픈,Shovel SH007 700g,Digging Tools,Shovels,50Mn Steel,,,0.7,,,HRC 38-45,Polished + Painted,1200,Bulk Pack,40,31x31x23,28.5,25,CE,"shovel, iron shovel, garden shovel, digging shovel","Garden soil turning, compost mixing, lawn aeration","Europe, Africa, South America","Professional grade shovels, durable construction",,pending,pending,pending,pending,pending,pending
SH-008,700g屆픈,Shovel SH008 700g,Digging Tools,Shovels,50Mn Steel,,,0.7,,,HRC 38-45,Polished + Painted,1200,Bulk Pack,40,31x31x22,28.5,25,CE,"shovel, iron shovel, garden shovel, digging shovel","Garden soil turning, compost mixing, lawn aeration","Europe, Africa, South America","Professional grade shovels, durable construction",,pending,pending,pending,pending,pending,pending
AX-001,1.25곰릊庫,Axe Head 1.25 lbs,Cutting Tools,Axes,45# Steel,,,0.57,,,HRC 40-50,Forged + Polished,600,Bulk Pack,24,30x18x7,11.5,25,CE,"axe head, felling axe, splitting axe, camping axe","Brush clearing, grass cutting, crop harvesting","Europe, Africa, South America","Professional grade axes, durable construction",,pending,pending,pending,pending,pending,pending
AX-002,1.5곰릊庫,Axe Head 1.5 lbs,Cutting Tools,Axes,45# Steel,,,0.68,,,HRC 40-50,Forged + Polished,600,Bulk Pack,24,30x18x8,14,25,CE,"axe head, felling axe, splitting axe, camping axe","Brush clearing, grass cutting, crop harvesting","Europe, Africa, South America","Professional grade axes, durable construction",,pending,pending,pending,pending,pending,pending
AX-003,2곰릊庫,Axe Head 2 lbs,Cutting Tools,Axes,45# Steel,,,0.91,,,HRC 40-50,Forged + Polished,600,Bulk Pack,24,30x20x9,17,25,CE,"axe head, felling axe, splitting axe, camping axe","Brush clearing, grass cutting, crop harvesting","Europe, Africa, South America","Professional grade axes, durable construction",,pending,pending,pending,pending,pending,pending
AX-004,2.5곰릊庫,Axe Head 2.5 lbs,Cutting Tools,Axes,45# Steel,,,1.13,,,HRC 40-50,Forged + Polished,600,Bulk Pack,24,34x23x10,22.5,25,CE,"axe head, felling axe, splitting axe, camping axe","Brush clearing, grass cutting, crop harvesting","Europe, Africa, South America","Professional grade axes, durable construction",,pending,pending,pending,pending,pending,pending
AX-005,3곰릊庫,Axe Head 3 lbs,Cutting Tools,Axes,45# Steel,,,1.36,,,HRC 40-50,Forged + Polished,600,Bulk Pack,12,34x23x13,27.5,25,CE,"axe head, felling axe, splitting axe, camping axe","Brush clearing, grass cutting, crop harvesting","Europe, Africa, South America","Professional grade axes, durable construction",,pending,pending,pending,pending,pending,pending
AX-006,3.5곰릊庫,Axe Head 3.5 lbs,Cutting Tools,Axes,45# Steel,,,1.59,,,HRC 40-50,Forged + Polished,600,Bulk Pack,12,30x26x8,17,25,CE,"axe head, felling axe, splitting axe, camping axe","Brush clearing, grass cutting, crop harvesting","Europe, Africa, South America","Professional grade axes, durable construction",,pending,pending,pending,pending,pending,pending
AX-007,4곰릊庫,Axe Head 4 lbs,Cutting Tools,Axes,45# Steel,,,1.81,,,HRC 40-50,Forged + Polished,600,Bulk Pack,12,32x26x9,19.5,25,CE,"axe head, felling axe, splitting axe, camping axe","Brush clearing, grass cutting, crop harvesting","Europe, Africa, South America","Professional grade axes, durable construction",,pending,pending,pending,pending,pending,pending
AX-008,4.5곰릊庫,Axe Head 4.5 lbs,Cutting Tools,Axes,45# Steel,,,2.04,,,HRC 40-50,Forged + Polished,600,Bulk Pack,12,34x26x9,22,25,CE,"axe head, felling axe, splitting axe, camping axe","Brush clearing, grass cutting, crop harvesting","Europe, Africa, South America","Professional grade axes, durable construction",,pending,pending,pending,pending,pending,pending
AX-009,5곰릊庫,Axe Head 5 lbs,Cutting Tools,Axes,45# Steel,,,2.27,,,HRC 40-50,Forged + Polished,600,Bulk Pack,12,36x22x10,25,25,CE,"axe head, felling axe, splitting axe, camping axe","Brush clearing, grass cutting, crop harvesting","Europe, Africa, South America","Professional grade axes, durable construction",,pending,pending,pending,pending,pending,pending
AX-010,5.5곰릊庫,Axe Head 5.5 lbs,Cutting Tools,Axes,45# Steel,,,2.49,,,HRC 40-50,Forged + Polished,600,Bulk Pack,12,36x26x10,27,25,CE,"axe head, felling axe, splitting axe, camping axe","Brush clearing, grass cutting, crop harvesting","Europe, Africa, South America","Professional grade axes, durable construction",,pending,pending,pending,pending,pending,pending
AX-011,6곰릊庫,Axe Head 6 lbs,Cutting Tools,Axes,45# Steel,,,2.72,,,HRC 40-50,Forged + Polished,600,Bulk Pack,12,36x27x11,30.5,25,CE,"axe head, felling axe, splitting axe, camping axe","Brush clearing, grass cutting, crop harvesting","Europe, Africa, South America","Professional grade axes, durable construction",,pending,pending,pending,pending,pending,pending
